Workbook

Sheet Schedule
A1: 해외출장 논의 일정표 · Project Schedule (IEEE 7-4.3.2-2003)
E2: 1 | F2: 2 | G2: 3 | H2: 4 | I2: 5 | J2: 6 | K2: 7 | L2: 8 | M2: 9 | N2: 10 | O2: 11 | P2: 12 | Q2: 13 | R2: 14 | S2: 15 | T2: 16
A3: ▼ Start/End 분기번호를 바꾸면 막대가 자동으로 칠해집니다 | E3: 2026 | I3: 2027 | M3: 2028 | Q3: 2029
A4: Phase | B4: Work Scope | C4: Start | D4: End | E4: Q1 | F4: Q2 | G4: Q3 | H4: Q4 | I4: Q1 | J4: Q2 | K4: Q3 | L4: Q4 | M4: Q1 | N4: Q2 | O4: Q3 | P4: Q4 | Q4: Q1 | R4: Q2 | S4: Q3 | T4: Q4
A5: 0 | B5: Pre-Test | C5: 3 | D5: 6
A6: 1 | B6: Detailed Design | C6: 3 | D6: 8
A7: 2 | B7: Manufacture of Mock-up | C7: 6 | D7: 8
A8: 3 | B8: EQ Program / Equipment Qualification | C8: 6 | D8: 11
A9: 4 | B9: Design for ASME III | C9: 8 | D9: 10
A10: 5 | B10: Manufacture | C10: 8 | D10: 12
A11: 6 | B11: Software V&V | C11: 12 | D11: 16
A12: ★ | B12: Delivery Date (납기) | C12: 16 | D12: 16
A14: ■ 사용법
A15: • C·D열의 Start / End 칸에 분기 번호(파란 글씨)를 입력하면 해당 단계의 막대가 자동으로 칠해집니다.
A16: • 분기 번호: 1 = 2026 Q1, 2 = 2026 Q2, … 5 = 2027 Q1, … 16 = 2029 Q4
A17: • 단계 이름(B열)·납기(Delivery)도 자유롭게 수정하세요. 단계를 추가하려면 행을 복사해 붙여넣고 Start/End를 입력하면 됩니다.
A18: • 'Work Scope' 시트에서 각 단계의 작업 범위를 입력할 수 있습니다 (기간은 자동 계산).

Sheet Work Scope
A1: 단계별 작업 범위 (Work Scope)
A3: No | B3: Phase | C3: Period (자동) | D3: Work Scope — 작업 범위 (직접 입력)
A4: =Schedule!A5 | B4: =Schedule!B5 | C4: =(2026+INT((Schedule!C5-1)/4))&" Q"&(MOD(Schedule!C5-1,4)+1)&" ~ "&(2026+INT((Schedule!D5-1)/4))&" Q"&(MOD(Schedule!D5-1,4)+1)
A5: =Schedule!A6 | B5: =Schedule!B6 | C5: =(2026+INT((Schedule!C6-1)/4))&" Q"&(MOD(Schedule!C6-1,4)+1)&" ~ "&(2026+INT((Schedule!D6-1)/4))&" Q"&(MOD(Schedule!D6-1,4)+1)
A6: =Schedule!A7 | B6: =Schedule!B7 | C6: =(2026+INT((Schedule!C7-1)/4))&" Q"&(MOD(Schedule!C7-1,4)+1)&" ~ "&(2026+INT((Schedule!D7-1)/4))&" Q"&(MOD(Schedule!D7-1,4)+1)
A7: =Schedule!A8 | B7: =Schedule!B8 | C7: =(2026+INT((Schedule!C8-1)/4))&" Q"&(MOD(Schedule!C8-1,4)+1)&" ~ "&(2026+INT((Schedule!D8-1)/4))&" Q"&(MOD(Schedule!D8-1,4)+1)
A8: =Schedule!A9 | B8: =Schedule!B9 | C8: =(2026+INT((Schedule!C9-1)/4))&" Q"&(MOD(Schedule!C9-1,4)+1)&" ~ "&(2026+INT((Schedule!D9-1)/4))&" Q"&(MOD(Schedule!D9-1,4)+1)
A9: =Schedule!A10 | B9: =Schedule!B10 | C9: =(2026+INT((Schedule!C10-1)/4))&" Q"&(MOD(Schedule!C10-1,4)+1)&" ~ "&(2026+INT((Schedule!D10-1)/4))&" Q"&(MOD(Schedule!D10-1,4)+1)
A10: =Schedule!A11 | B10: =Schedule!B11 | C10: =(2026+INT((Schedule!C11-1)/4))&" Q"&(MOD(Schedule!C11-1,4)+1)&" ~ "&(2026+INT((Schedule!D11-1)/4))&" Q"&(MOD(Schedule!D11-1,4)+1)
